Board;Tile;Is_Test_Set;GT_Crowns
board_1;tile_0_0;TRUE;0
board_1;tile_0_1;TRUE;0
board_1;tile_0_2;TRUE;0
board_1;tile_0_3;TRUE;0
board_1;tile_0_4;TRUE;0
board_1;tile_1_0;TRUE;0
board_1;tile_1_1;TRUE;0
board_1;tile_1_2;TRUE;0
board_1;tile_1_3;TRUE;1
board_1;tile_1_4;TRUE;0
board_1;tile_2_0;TRUE;0
board_1;tile_2_1;TRUE;1
board_1;tile_2_2;TRUE;0
board_1;tile_2_3;TRUE;0
board_1;tile_2_4;TRUE;0
board_1;tile_3_0;TRUE;0
board_1;tile_3_1;TRUE;2
board_1;tile_3_2;TRUE;0
board_1;tile_3_3;TRUE;2
board_1;tile_3_4;TRUE;1
board_1;tile_4_0;TRUE;0
board_1;tile_4_1;TRUE;1
board_1;tile_4_2;TRUE;0
board_1;tile_4_3;TRUE;1
board_1;tile_4_4;TRUE;0
board_2;tile_0_0;FALSE;0
board_2;tile_0_1;FALSE;0
board_2;tile_0_2;FALSE;0
board_2;tile_0_3;FALSE;2
board_2;tile_0_4;FALSE;0
board_2;tile_1_0;FALSE;1
board_2;tile_1_1;FALSE;1
board_2;tile_1_2;FALSE;0
board_2;tile_1_3;FALSE;0
board_2;tile_1_4;FALSE;0
board_2;tile_2_0;FALSE;2
board_2;tile_2_1;FALSE;0
board_2;tile_2_2;FALSE;0
board_2;tile_2_3;FALSE;0
board_2;tile_2_4;FALSE;0
board_2;tile_3_0;FALSE;2
board_2;tile_3_1;FALSE;3
board_2;tile_3_2;FALSE;0
board_2;tile_3_3;FALSE;0
board_2;tile_3_4;FALSE;1
board_2;tile_4_0;FALSE;0
board_2;tile_4_1;FALSE;0
board_2;tile_4_2;FALSE;0
board_2;tile_4_3;FALSE;0
board_2;tile_4_4;FALSE;0
board_3;tile_0_0;FALSE;2
board_3;tile_0_1;FALSE;1
board_3;tile_0_2;FALSE;0
board_3;tile_0_3;FALSE;0
board_3;tile_0_4;FALSE;0
board_3;tile_1_0;FALSE;0
board_3;tile_1_1;FALSE;0
board_3;tile_1_2;FALSE;1
board_3;tile_1_3;FALSE;0
board_3;tile_1_4;FALSE;0
board_3;tile_2_0;FALSE;0
board_3;tile_2_1;FALSE;1
board_3;tile_2_2;FALSE;0
board_3;tile_2_3;FALSE;0
board_3;tile_2_4;FALSE;1
board_3;tile_3_0;FALSE;0
board_3;tile_3_1;FALSE;1
board_3;tile_3_2;FALSE;0
board_3;tile_3_3;FALSE;1
board_3;tile_3_4;FALSE;0
board_3;tile_4_0;FALSE;0
board_3;tile_4_1;FALSE;0
board_3;tile_4_2;FALSE;1
board_3;tile_4_3;FALSE;0
board_3;tile_4_4;FALSE;1
board_4;tile_0_0;FALSE;1
board_4;tile_0_1;FALSE;0
board_4;tile_0_2;FALSE;1
board_4;tile_0_3;FALSE;0
board_4;tile_0_4;FALSE;0
board_4;tile_1_0;FALSE;0
board_4;tile_1_1;FALSE;1
board_4;tile_1_2;FALSE;2
board_4;tile_1_3;FALSE;0
board_4;tile_1_4;FALSE;0
board_4;tile_2_0;FALSE;0
board_4;tile_2_1;FALSE;0
board_4;tile_2_2;FALSE;0
board_4;tile_2_3;FALSE;0
board_4;tile_2_4;FALSE;0
board_4;tile_3_0;FALSE;1
board_4;tile_3_1;FALSE;0
board_4;tile_3_2;FALSE;0
board_4;tile_3_3;FALSE;1
board_4;tile_3_4;FALSE;1
board_4;tile_4_0;FALSE;0
board_4;tile_4_1;FALSE;0
board_4;tile_4_2;FALSE;0
board_4;tile_4_3;FALSE;0
board_4;tile_4_4;FALSE;0
board_5;tile_0_0;TRUE;0
board_5;tile_0_1;TRUE;0
board_5;tile_0_2;TRUE;0
board_5;tile_0_3;TRUE;0
board_5;tile_0_4;TRUE;0
board_5;tile_1_0;TRUE;0
board_5;tile_1_1;TRUE;0
board_5;tile_1_2;TRUE;0
board_5;tile_1_3;TRUE;1
board_5;tile_1_4;TRUE;0
board_5;tile_2_0;TRUE;0
board_5;tile_2_1;TRUE;1
board_5;tile_2_2;TRUE;0
board_5;tile_2_3;TRUE;0
board_5;tile_2_4;TRUE;0
board_5;tile_3_0;TRUE;0
board_5;tile_3_1;TRUE;2
board_5;tile_3_2;TRUE;0
board_5;tile_3_3;TRUE;2
board_5;tile_3_4;TRUE;1
board_5;tile_4_0;TRUE;0
board_5;tile_4_1;TRUE;1
board_5;tile_4_2;TRUE;0
board_5;tile_4_3;TRUE;1
board_5;tile_4_4;TRUE;0
board_6;tile_0_0;FALSE;0
board_6;tile_0_1;FALSE;0
board_6;tile_0_2;FALSE;0
board_6;tile_0_3;FALSE;2
board_6;tile_0_4;FALSE;0
board_6;tile_1_0;FALSE;1
board_6;tile_1_1;FALSE;1
board_6;tile_1_2;FALSE;0
board_6;tile_1_3;FALSE;0
board_6;tile_1_4;FALSE;0
board_6;tile_2_0;FALSE;2
board_6;tile_2_1;FALSE;0
board_6;tile_2_2;FALSE;0
board_6;tile_2_3;FALSE;0
board_6;tile_2_4;FALSE;0
board_6;tile_3_0;FALSE;2
board_6;tile_3_1;FALSE;3
board_6;tile_3_2;FALSE;0
board_6;tile_3_3;FALSE;0
board_6;tile_3_4;FALSE;1
board_6;tile_4_0;FALSE;0
board_6;tile_4_1;FALSE;0
board_6;tile_4_2;FALSE;0
board_6;tile_4_3;FALSE;0
board_6;tile_4_4;FALSE;0
board_7;tile_0_0;FALSE;2
board_7;tile_0_1;FALSE;1
board_7;tile_0_2;FALSE;0
board_7;tile_0_3;FALSE;0
board_7;tile_0_4;FALSE;0
board_7;tile_1_0;FALSE;0
board_7;tile_1_1;FALSE;0
board_7;tile_1_2;FALSE;1
board_7;tile_1_3;FALSE;0
board_7;tile_1_4;FALSE;0
board_7;tile_2_0;FALSE;0
board_7;tile_2_1;FALSE;1
board_7;tile_2_2;FALSE;0
board_7;tile_2_3;FALSE;0
board_7;tile_2_4;FALSE;1
board_7;tile_3_0;FALSE;0
board_7;tile_3_1;FALSE;1
board_7;tile_3_2;FALSE;0
board_7;tile_3_3;FALSE;1
board_7;tile_3_4;FALSE;0
board_7;tile_4_0;FALSE;0
board_7;tile_4_1;FALSE;0
board_7;tile_4_2;FALSE;1
board_7;tile_4_3;FALSE;0
board_7;tile_4_4;FALSE;1
board_8;tile_0_0;FALSE;1
board_8;tile_0_1;FALSE;0
board_8;tile_0_2;FALSE;1
board_8;tile_0_3;FALSE;0
board_8;tile_0_4;FALSE;0
board_8;tile_1_0;FALSE;0
board_8;tile_1_1;FALSE;1
board_8;tile_1_2;FALSE;2
board_8;tile_1_3;FALSE;0
board_8;tile_1_4;FALSE;0
board_8;tile_2_0;FALSE;0
board_8;tile_2_1;FALSE;0
board_8;tile_2_2;FALSE;0
board_8;tile_2_3;FALSE;0
board_8;tile_2_4;FALSE;0
board_8;tile_3_0;FALSE;1
board_8;tile_3_1;FALSE;0
board_8;tile_3_2;FALSE;0
board_8;tile_3_3;FALSE;1
board_8;tile_3_4;FALSE;1
board_8;tile_4_0;FALSE;0
board_8;tile_4_1;FALSE;0
board_8;tile_4_2;FALSE;0
board_8;tile_4_3;FALSE;0
board_8;tile_4_4;FALSE;0
board_9;tile_0_0;FALSE;0
board_9;tile_0_1;FALSE;2
board_9;tile_0_2;FALSE;0
board_9;tile_0_3;FALSE;1
board_9;tile_0_4;FALSE;0
board_9;tile_1_0;FALSE;0
board_9;tile_1_1;FALSE;1
board_9;tile_1_2;FALSE;0
board_9;tile_1_3;FALSE;1
board_9;tile_1_4;FALSE;1
board_9;tile_2_0;FALSE;0
board_9;tile_2_1;FALSE;0
board_9;tile_2_2;FALSE;2
board_9;tile_2_3;FALSE;0
board_9;tile_2_4;FALSE;0
board_9;tile_3_0;FALSE;0
board_9;tile_3_1;FALSE;1
board_9;tile_3_2;FALSE;0
board_9;tile_3_3;FALSE;0
board_9;tile_3_4;FALSE;0
board_9;tile_4_0;FALSE;1
board_9;tile_4_1;FALSE;0
board_9;tile_4_2;FALSE;1
board_9;tile_4_3;FALSE;0
board_9;tile_4_4;FALSE;0
board_10;tile_0_0;FALSE;1
board_10;tile_0_1;FALSE;0
board_10;tile_0_2;FALSE;2
board_10;tile_0_3;FALSE;2
board_10;tile_0_4;FALSE;0
board_10;tile_1_0;FALSE;0
board_10;tile_1_1;FALSE;1
board_10;tile_1_2;FALSE;0
board_10;tile_1_3;FALSE;0
board_10;tile_1_4;FALSE;0
board_10;tile_2_0;FALSE;0
board_10;tile_2_1;FALSE;0
board_10;tile_2_2;FALSE;0
board_10;tile_2_3;FALSE;2
board_10;tile_2_4;FALSE;0
board_10;tile_3_0;FALSE;0
board_10;tile_3_1;FALSE;1
board_10;tile_3_2;FALSE;0
board_10;tile_3_3;FALSE;0
board_10;tile_3_4;FALSE;0
board_10;tile_4_0;FALSE;0
board_10;tile_4_1;FALSE;1
board_10;tile_4_2;FALSE;0
board_10;tile_4_3;FALSE;1
board_10;tile_4_4;FALSE;0
board_11;tile_0_0;FALSE;0
board_11;tile_0_1;FALSE;1
board_11;tile_0_2;FALSE;0
board_11;tile_0_3;FALSE;0
board_11;tile_0_4;FALSE;0
board_11;tile_1_0;FALSE;1
board_11;tile_1_1;FALSE;0
board_11;tile_1_2;FALSE;1
board_11;tile_1_3;FALSE;0
board_11;tile_1_4;FALSE;0
board_11;tile_2_0;FALSE;1
board_11;tile_2_1;FALSE;0
board_11;tile_2_2;FALSE;0
board_11;tile_2_3;FALSE;1
board_11;tile_2_4;FALSE;0
board_11;tile_3_0;FALSE;0
board_11;tile_3_1;FALSE;1
board_11;tile_3_2;FALSE;0
board_11;tile_3_3;FALSE;1
board_11;tile_3_4;FALSE;0
board_11;tile_4_0;FALSE;0
board_11;tile_4_1;FALSE;0
board_11;tile_4_2;FALSE;0
board_11;tile_4_3;FALSE;0
board_11;tile_4_4;FALSE;0
board_12;tile_0_0;FALSE;0
board_12;tile_0_1;FALSE;0
board_12;tile_0_2;FALSE;0
board_12;tile_0_3;FALSE;0
board_12;tile_0_4;FALSE;0
board_12;tile_1_0;FALSE;0
board_12;tile_1_1;FALSE;1
board_12;tile_1_2;FALSE;0
board_12;tile_1_3;FALSE;0
board_12;tile_1_4;FALSE;0
board_12;tile_2_0;FALSE;0
board_12;tile_2_1;FALSE;0
board_12;tile_2_2;FALSE;2
board_12;tile_2_3;FALSE;0
board_12;tile_2_4;FALSE;0
board_12;tile_3_0;FALSE;0
board_12;tile_3_1;FALSE;2
board_12;tile_3_2;FALSE;0
board_12;tile_3_3;FALSE;0
board_12;tile_3_4;FALSE;0
board_12;tile_4_0;FALSE;0
board_12;tile_4_1;FALSE;0
board_12;tile_4_2;FALSE;0
board_12;tile_4_3;FALSE;0
board_12;tile_4_4;FALSE;1
board_13;tile_0_0;FALSE;0
board_13;tile_0_1;FALSE;2
board_13;tile_0_2;FALSE;0
board_13;tile_0_3;FALSE;1
board_13;tile_0_4;FALSE;0
board_13;tile_1_0;FALSE;0
board_13;tile_1_1;FALSE;1
board_13;tile_1_2;FALSE;0
board_13;tile_1_3;FALSE;1
board_13;tile_1_4;FALSE;1
board_13;tile_2_0;FALSE;0
board_13;tile_2_1;FALSE;0
board_13;tile_2_2;FALSE;2
board_13;tile_2_3;FALSE;0
board_13;tile_2_4;FALSE;0
board_13;tile_3_0;FALSE;0
board_13;tile_3_1;FALSE;1
board_13;tile_3_2;FALSE;0
board_13;tile_3_3;FALSE;0
board_13;tile_3_4;FALSE;0
board_13;tile_4_0;FALSE;1
board_13;tile_4_1;FALSE;0
board_13;tile_4_2;FALSE;1
board_13;tile_4_3;FALSE;0
board_13;tile_4_4;FALSE;0
board_14;tile_0_0;FALSE;1
board_14;tile_0_1;FALSE;0
board_14;tile_0_2;FALSE;2
board_14;tile_0_3;FALSE;2
board_14;tile_0_4;FALSE;0
board_14;tile_1_0;FALSE;0
board_14;tile_1_1;FALSE;1
board_14;tile_1_2;FALSE;0
board_14;tile_1_3;FALSE;0
board_14;tile_1_4;FALSE;0
board_14;tile_2_0;FALSE;0
board_14;tile_2_1;FALSE;0
board_14;tile_2_2;FALSE;0
board_14;tile_2_3;FALSE;2
board_14;tile_2_4;FALSE;0
board_14;tile_3_0;FALSE;0
board_14;tile_3_1;FALSE;1
board_14;tile_3_2;FALSE;0
board_14;tile_3_3;FALSE;0
board_14;tile_3_4;FALSE;0
board_14;tile_4_0;FALSE;0
board_14;tile_4_1;FALSE;1
board_14;tile_4_2;FALSE;0
board_14;tile_4_3;FALSE;1
board_14;tile_4_4;FALSE;0
board_15;tile_0_0;FALSE;0
board_15;tile_0_1;FALSE;1
board_15;tile_0_2;FALSE;0
board_15;tile_0_3;FALSE;0
board_15;tile_0_4;FALSE;0
board_15;tile_1_0;FALSE;1
board_15;tile_1_1;FALSE;0
board_15;tile_1_2;FALSE;1
board_15;tile_1_3;FALSE;0
board_15;tile_1_4;FALSE;0
board_15;tile_2_0;FALSE;1
board_15;tile_2_1;FALSE;0
board_15;tile_2_2;FALSE;0
board_15;tile_2_3;FALSE;1
board_15;tile_2_4;FALSE;0
board_15;tile_3_0;FALSE;0
board_15;tile_3_1;FALSE;1
board_15;tile_3_2;FALSE;0
board_15;tile_3_3;FALSE;1
board_15;tile_3_4;FALSE;0
board_15;tile_4_0;FALSE;0
board_15;tile_4_1;FALSE;0
board_15;tile_4_2;FALSE;0
board_15;tile_4_3;FALSE;0
board_15;tile_4_4;FALSE;0
board_16;tile_0_0;FALSE;0
board_16;tile_0_1;FALSE;0
board_16;tile_0_2;FALSE;0
board_16;tile_0_3;FALSE;0
board_16;tile_0_4;FALSE;0
board_16;tile_1_0;FALSE;0
board_16;tile_1_1;FALSE;1
board_16;tile_1_2;FALSE;0
board_16;tile_1_3;FALSE;0
board_16;tile_1_4;FALSE;0
board_16;tile_2_0;FALSE;0
board_16;tile_2_1;FALSE;0
board_16;tile_2_2;FALSE;2
board_16;tile_2_3;FALSE;0
board_16;tile_2_4;FALSE;0
board_16;tile_3_0;FALSE;0
board_16;tile_3_1;FALSE;2
board_16;tile_3_2;FALSE;0
board_16;tile_3_3;FALSE;0
board_16;tile_3_4;FALSE;0
board_16;tile_4_0;FALSE;0
board_16;tile_4_1;FALSE;0
board_16;tile_4_2;FALSE;0
board_16;tile_4_3;FALSE;0
board_16;tile_4_4;FALSE;1
board_17;tile_0_0;FALSE;0
board_17;tile_0_1;FALSE;0
board_17;tile_0_2;FALSE;2
board_17;tile_0_3;FALSE;0
board_17;tile_0_4;FALSE;0
board_17;tile_1_0;FALSE;0
board_17;tile_1_1;FALSE;0
board_17;tile_1_2;FALSE;0
board_17;tile_1_3;FALSE;0
board_17;tile_1_4;FALSE;0
board_17;tile_2_0;FALSE;2
board_17;tile_2_1;FALSE;0
board_17;tile_2_2;FALSE;0
board_17;tile_2_3;FALSE;0
board_17;tile_2_4;FALSE;1
board_17;tile_3_0;FALSE;1
board_17;tile_3_1;FALSE;1
board_17;tile_3_2;FALSE;0
board_17;tile_3_3;FALSE;1
board_17;tile_3_4;FALSE;0
board_17;tile_4_0;FALSE;0
board_17;tile_4_1;FALSE;2
board_17;tile_4_2;FALSE;0
board_17;tile_4_3;FALSE;0
board_17;tile_4_4;FALSE;0
board_18;tile_0_0;FALSE;0
board_18;tile_0_1;FALSE;1
board_18;tile_0_2;FALSE;0
board_18;tile_0_3;FALSE;0
board_18;tile_0_4;FALSE;0
board_18;tile_1_0;FALSE;0
board_18;tile_1_1;FALSE;0
board_18;tile_1_2;FALSE;1
board_18;tile_1_3;FALSE;0
board_18;tile_1_4;FALSE;1
board_18;tile_2_0;FALSE;0
board_18;tile_2_1;FALSE;0
board_18;tile_2_2;FALSE;0
board_18;tile_2_3;FALSE;1
board_18;tile_2_4;FALSE;0
board_18;tile_3_0;FALSE;0
board_18;tile_3_1;FALSE;1
board_18;tile_3_2;FALSE;0
board_18;tile_3_3;FALSE;0
board_18;tile_3_4;FALSE;1
board_18;tile_4_0;FALSE;0
board_18;tile_4_1;FALSE;0
board_18;tile_4_2;FALSE;0
board_18;tile_4_3;FALSE;0
board_18;tile_4_4;FALSE;0
board_19;tile_0_0;TRUE;1
board_19;tile_0_1;TRUE;0
board_19;tile_0_2;TRUE;0
board_19;tile_0_3;TRUE;0
board_19;tile_0_4;TRUE;0
board_19;tile_1_0;TRUE;0
board_19;tile_1_1;TRUE;1
board_19;tile_1_2;TRUE;0
board_19;tile_1_3;TRUE;0
board_19;tile_1_4;TRUE;0
board_19;tile_2_0;TRUE;2
board_19;tile_2_1;TRUE;0
board_19;tile_2_2;TRUE;0
board_19;tile_2_3;TRUE;0
board_19;tile_2_4;TRUE;0
board_19;tile_3_0;TRUE;2
board_19;tile_3_1;TRUE;3
board_19;tile_3_2;TRUE;0
board_19;tile_3_3;TRUE;1
board_19;tile_3_4;TRUE;0
board_19;tile_4_0;TRUE;0
board_19;tile_4_1;TRUE;0
board_19;tile_4_2;TRUE;0
board_19;tile_4_3;TRUE;0
board_19;tile_4_4;TRUE;1
board_20;tile_0_0;FALSE;1
board_20;tile_0_1;FALSE;0
board_20;tile_0_2;FALSE;0
board_20;tile_0_3;FALSE;0
board_20;tile_0_4;FALSE;0
board_20;tile_1_0;FALSE;0
board_20;tile_1_1;FALSE;1
board_20;tile_1_2;FALSE;0
board_20;tile_1_3;FALSE;0
board_20;tile_1_4;FALSE;1
board_20;tile_2_0;FALSE;2
board_20;tile_2_1;FALSE;0
board_20;tile_2_2;FALSE;0
board_20;tile_2_3;FALSE;0
board_20;tile_2_4;FALSE;1
board_20;tile_3_0;FALSE;1
board_20;tile_3_1;FALSE;0
board_20;tile_3_2;FALSE;0
board_20;tile_3_3;FALSE;2
board_20;tile_3_4;FALSE;1
board_20;tile_4_0;FALSE;0
board_20;tile_4_1;FALSE;1
board_20;tile_4_2;FALSE;0
board_20;tile_4_3;FALSE;0
board_20;tile_4_4;FALSE;0
board_21;tile_0_0;FALSE;0
board_21;tile_0_1;FALSE;0
board_21;tile_0_2;FALSE;2
board_21;tile_0_3;FALSE;0
board_21;tile_0_4;FALSE;0
board_21;tile_1_0;FALSE;0
board_21;tile_1_1;FALSE;0
board_21;tile_1_2;FALSE;0
board_21;tile_1_3;FALSE;0
board_21;tile_1_4;FALSE;0
board_21;tile_2_0;FALSE;2
board_21;tile_2_1;FALSE;0
board_21;tile_2_2;FALSE;0
board_21;tile_2_3;FALSE;0
board_21;tile_2_4;FALSE;1
board_21;tile_3_0;FALSE;1
board_21;tile_3_1;FALSE;1
board_21;tile_3_2;FALSE;0
board_21;tile_3_3;FALSE;1
board_21;tile_3_4;FALSE;0
board_21;tile_4_0;FALSE;0
board_21;tile_4_1;FALSE;2
board_21;tile_4_2;FALSE;0
board_21;tile_4_3;FALSE;0
board_21;tile_4_4;FALSE;0
board_22;tile_0_0;FALSE;0
board_22;tile_0_1;FALSE;1
board_22;tile_0_2;FALSE;0
board_22;tile_0_3;FALSE;0
board_22;tile_0_4;FALSE;0
board_22;tile_1_0;FALSE;0
board_22;tile_1_1;FALSE;0
board_22;tile_1_2;FALSE;1
board_22;tile_1_3;FALSE;0
board_22;tile_1_4;FALSE;1
board_22;tile_2_0;FALSE;0
board_22;tile_2_1;FALSE;0
board_22;tile_2_2;FALSE;0
board_22;tile_2_3;FALSE;1
board_22;tile_2_4;FALSE;0
board_22;tile_3_0;FALSE;0
board_22;tile_3_1;FALSE;1
board_22;tile_3_2;FALSE;0
board_22;tile_3_3;FALSE;0
board_22;tile_3_4;FALSE;1
board_22;tile_4_0;FALSE;0
board_22;tile_4_1;FALSE;0
board_22;tile_4_2;FALSE;0
board_22;tile_4_3;FALSE;0
board_22;tile_4_4;FALSE;0
board_23;tile_0_0;TRUE;1
board_23;tile_0_1;TRUE;0
board_23;tile_0_2;TRUE;0
board_23;tile_0_3;TRUE;0
board_23;tile_0_4;TRUE;0
board_23;tile_1_0;TRUE;0
board_23;tile_1_1;TRUE;1
board_23;tile_1_2;TRUE;0
board_23;tile_1_3;TRUE;0
board_23;tile_1_4;TRUE;0
board_23;tile_2_0;TRUE;2
board_23;tile_2_1;TRUE;0
board_23;tile_2_2;TRUE;0
board_23;tile_2_3;TRUE;0
board_23;tile_2_4;TRUE;0
board_23;tile_3_0;TRUE;2
board_23;tile_3_1;TRUE;3
board_23;tile_3_2;TRUE;0
board_23;tile_3_3;TRUE;1
board_23;tile_3_4;TRUE;0
board_23;tile_4_0;TRUE;0
board_23;tile_4_1;TRUE;0
board_23;tile_4_2;TRUE;0
board_23;tile_4_3;TRUE;0
board_23;tile_4_4;TRUE;1
board_24;tile_0_0;FALSE;1
board_24;tile_0_1;FALSE;0
board_24;tile_0_2;FALSE;0
board_24;tile_0_3;FALSE;0
board_24;tile_0_4;FALSE;0
board_24;tile_1_0;FALSE;0
board_24;tile_1_1;FALSE;1
board_24;tile_1_2;FALSE;0
board_24;tile_1_3;FALSE;0
board_24;tile_1_4;FALSE;1
board_24;tile_2_0;FALSE;2
board_24;tile_2_1;FALSE;0
board_24;tile_2_2;FALSE;0
board_24;tile_2_3;FALSE;0
board_24;tile_2_4;FALSE;1
board_24;tile_3_0;FALSE;1
board_24;tile_3_1;FALSE;0
board_24;tile_3_2;FALSE;0
board_24;tile_3_3;FALSE;2
board_24;tile_3_4;FALSE;1
board_24;tile_4_0;FALSE;0
board_24;tile_4_1;FALSE;1
board_24;tile_4_2;FALSE;0
board_24;tile_4_3;FALSE;0
board_24;tile_4_4;FALSE;0
board_25;tile_0_0;TRUE;0
board_25;tile_0_1;TRUE;0
board_25;tile_0_2;TRUE;1
board_25;tile_0_3;TRUE;1
board_25;tile_0_4;TRUE;0
board_25;tile_1_0;TRUE;0
board_25;tile_1_1;TRUE;0
board_25;tile_1_2;TRUE;0
board_25;tile_1_3;TRUE;0
board_25;tile_1_4;TRUE;1
board_25;tile_2_0;TRUE;0
board_25;tile_2_1;TRUE;1
board_25;tile_2_2;TRUE;0
board_25;tile_2_3;TRUE;0
board_25;tile_2_4;TRUE;0
board_25;tile_3_0;TRUE;1
board_25;tile_3_1;TRUE;0
board_25;tile_3_2;TRUE;0
board_25;tile_3_3;TRUE;2
board_25;tile_3_4;TRUE;0
board_25;tile_4_0;TRUE;0
board_25;tile_4_1;TRUE;1
board_25;tile_4_2;TRUE;2
board_25;tile_4_3;TRUE;0
board_25;tile_4_4;TRUE;1
board_26;tile_0_0;FALSE;0
board_26;tile_0_1;FALSE;0
board_26;tile_0_2;FALSE;0
board_26;tile_0_3;FALSE;0
board_26;tile_0_4;FALSE;0
board_26;tile_1_0;FALSE;1
board_26;tile_1_1;FALSE;0
board_26;tile_1_2;FALSE;0
board_26;tile_1_3;FALSE;0
board_26;tile_1_4;FALSE;0
board_26;tile_2_0;FALSE;1
board_26;tile_2_1;FALSE;0
board_26;tile_2_2;FALSE;0
board_26;tile_2_3;FALSE;0
board_26;tile_2_4;FALSE;1
board_26;tile_3_0;FALSE;0
board_26;tile_3_1;FALSE;0
board_26;tile_3_2;FALSE;1
board_26;tile_3_3;FALSE;0
board_26;tile_3_4;FALSE;1
board_26;tile_4_0;FALSE;1
board_26;tile_4_1;FALSE;0
board_26;tile_4_2;FALSE;0
board_26;tile_4_3;FALSE;0
board_26;tile_4_4;FALSE;0
board_27;tile_0_0;FALSE;0
board_27;tile_0_1;FALSE;0
board_27;tile_0_2;FALSE;0
board_27;tile_0_3;FALSE;0
board_27;tile_0_4;FALSE;0
board_27;tile_1_0;FALSE;0
board_27;tile_1_1;FALSE;1
board_27;tile_1_2;FALSE;2
board_27;tile_1_3;FALSE;0
board_27;tile_1_4;FALSE;0
board_27;tile_2_0;FALSE;0
board_27;tile_2_1;FALSE;2
board_27;tile_2_2;FALSE;0
board_27;tile_2_3;FALSE;0
board_27;tile_2_4;FALSE;1
board_27;tile_3_0;FALSE;1
board_27;tile_3_1;FALSE;0
board_27;tile_3_2;FALSE;0
board_27;tile_3_3;FALSE;1
board_27;tile_3_4;FALSE;0
board_27;tile_4_0;FALSE;0
board_27;tile_4_1;FALSE;0
board_27;tile_4_2;FALSE;1
board_27;tile_4_3;FALSE;0
board_27;tile_4_4;FALSE;0
board_28;tile_0_0;FALSE;2
board_28;tile_0_1;FALSE;3
board_28;tile_0_2;FALSE;0
board_28;tile_0_3;FALSE;1
board_28;tile_0_4;FALSE;0
board_28;tile_1_0;FALSE;0
board_28;tile_1_1;FALSE;2
board_28;tile_1_2;FALSE;0
board_28;tile_1_3;FALSE;0
board_28;tile_1_4;FALSE;0
board_28;tile_2_0;FALSE;0
board_28;tile_2_1;FALSE;0
board_28;tile_2_2;FALSE;1
board_28;tile_2_3;FALSE;0
board_28;tile_2_4;FALSE;0
board_28;tile_3_0;FALSE;2
board_28;tile_3_1;FALSE;1
board_28;tile_3_2;FALSE;0
board_28;tile_3_3;FALSE;0
board_28;tile_3_4;FALSE;0
board_28;tile_4_0;FALSE;0
board_28;tile_4_1;FALSE;0
board_28;tile_4_2;FALSE;0
board_28;tile_4_3;FALSE;0
board_28;tile_4_4;FALSE;1
board_29;tile_0_0;TRUE;0
board_29;tile_0_1;TRUE;1
board_29;tile_0_2;TRUE;0
board_29;tile_0_3;TRUE;0
board_29;tile_0_4;TRUE;1
board_29;tile_1_0;TRUE;1
board_29;tile_1_1;TRUE;0
board_29;tile_1_2;TRUE;0
board_29;tile_1_3;TRUE;2
board_29;tile_1_4;TRUE;0
board_29;tile_2_0;TRUE;1
board_29;tile_2_1;TRUE;0
board_29;tile_2_2;TRUE;0
board_29;tile_2_3;TRUE;0
board_29;tile_2_4;TRUE;2
board_29;tile_3_0;TRUE;0
board_29;tile_3_1;TRUE;0
board_29;tile_3_2;TRUE;1
board_29;tile_3_3;TRUE;0
board_29;tile_3_4;TRUE;1
board_29;tile_4_0;TRUE;0
board_29;tile_4_1;TRUE;0
board_29;tile_4_2;TRUE;0
board_29;tile_4_3;TRUE;1
board_29;tile_4_4;TRUE;0
board_30;tile_0_0;FALSE;0
board_30;tile_0_1;FALSE;0
board_30;tile_0_2;FALSE;0
board_30;tile_0_3;FALSE;0
board_30;tile_0_4;FALSE;0
board_30;tile_1_0;FALSE;1
board_30;tile_1_1;FALSE;0
board_30;tile_1_2;FALSE;0
board_30;tile_1_3;FALSE;0
board_30;tile_1_4;FALSE;0
board_30;tile_2_0;FALSE;1
board_30;tile_2_1;FALSE;0
board_30;tile_2_2;FALSE;0
board_30;tile_2_3;FALSE;0
board_30;tile_2_4;FALSE;1
board_30;tile_3_0;FALSE;0
board_30;tile_3_1;FALSE;0
board_30;tile_3_2;FALSE;1
board_30;tile_3_3;FALSE;0
board_30;tile_3_4;FALSE;1
board_30;tile_4_0;FALSE;1
board_30;tile_4_1;FALSE;0
board_30;tile_4_2;FALSE;0
board_30;tile_4_3;FALSE;0
board_30;tile_4_4;FALSE;0
board_31;tile_0_0;FALSE;0
board_31;tile_0_1;FALSE;0
board_31;tile_0_2;FALSE;0
board_31;tile_0_3;FALSE;0
board_31;tile_0_4;FALSE;0
board_31;tile_1_0;FALSE;0
board_31;tile_1_1;FALSE;1
board_31;tile_1_2;FALSE;2
board_31;tile_1_3;FALSE;0
board_31;tile_1_4;FALSE;0
board_31;tile_2_0;FALSE;0
board_31;tile_2_1;FALSE;2
board_31;tile_2_2;FALSE;0
board_31;tile_2_3;FALSE;0
board_31;tile_2_4;FALSE;1
board_31;tile_3_0;FALSE;1
board_31;tile_3_1;FALSE;0
board_31;tile_3_2;FALSE;0
board_31;tile_3_3;FALSE;1
board_31;tile_3_4;FALSE;0
board_31;tile_4_0;FALSE;0
board_31;tile_4_1;FALSE;0
board_31;tile_4_2;FALSE;1
board_31;tile_4_3;FALSE;0
board_31;tile_4_4;FALSE;0
board_32;tile_0_0;FALSE;2
board_32;tile_0_1;FALSE;3
board_32;tile_0_2;FALSE;0
board_32;tile_0_3;FALSE;1
board_32;tile_0_4;FALSE;0
board_32;tile_1_0;FALSE;0
board_32;tile_1_1;FALSE;2
board_32;tile_1_2;FALSE;0
board_32;tile_1_3;FALSE;0
board_32;tile_1_4;FALSE;0
board_32;tile_2_0;FALSE;0
board_32;tile_2_1;FALSE;0
board_32;tile_2_2;FALSE;1
board_32;tile_2_3;FALSE;0
board_32;tile_2_4;FALSE;0
board_32;tile_3_0;FALSE;2
board_32;tile_3_1;FALSE;1
board_32;tile_3_2;FALSE;0
board_32;tile_3_3;FALSE;0
board_32;tile_3_4;FALSE;0
board_32;tile_4_0;FALSE;0
board_32;tile_4_1;FALSE;0
board_32;tile_4_2;FALSE;0
board_32;tile_4_3;FALSE;0
board_32;tile_4_4;FALSE;1
board_33;tile_0_0;FALSE;2
board_33;tile_0_1;FALSE;0
board_33;tile_0_2;FALSE;1
board_33;tile_0_3;FALSE;0
board_33;tile_0_4;FALSE;1
board_33;tile_1_0;FALSE;0
board_33;tile_1_1;FALSE;1
board_33;tile_1_2;FALSE;0
board_33;tile_1_3;FALSE;0
board_33;tile_1_4;FALSE;0
board_33;tile_2_0;FALSE;1
board_33;tile_2_1;FALSE;0
board_33;tile_2_2;FALSE;0
board_33;tile_2_3;FALSE;0
board_33;tile_2_4;FALSE;0
board_33;tile_3_0;FALSE;1
board_33;tile_3_1;FALSE;0
board_33;tile_3_2;FALSE;0
board_33;tile_3_3;FALSE;0
board_33;tile_3_4;FALSE;0
board_33;tile_4_0;FALSE;1
board_33;tile_4_1;FALSE;0
board_33;tile_4_2;FALSE;0
board_33;tile_4_3;FALSE;0
board_33;tile_4_4;FALSE;0
board_34;tile_0_0;FALSE;0
board_34;tile_0_1;FALSE;0
board_34;tile_0_2;FALSE;0
board_34;tile_0_3;FALSE;0
board_34;tile_0_4;FALSE;0
board_34;tile_1_0;FALSE;2
board_34;tile_1_1;FALSE;0
board_34;tile_1_2;FALSE;0
board_34;tile_1_3;FALSE;0
board_34;tile_1_4;FALSE;1
board_34;tile_2_0;FALSE;0
board_34;tile_2_1;FALSE;2
board_34;tile_2_2;FALSE;0
board_34;tile_2_3;FALSE;0
board_34;tile_2_4;FALSE;0
board_34;tile_3_0;FALSE;2
board_34;tile_3_1;FALSE;0
board_34;tile_3_2;FALSE;0
board_34;tile_3_3;FALSE;1
board_34;tile_3_4;FALSE;1
board_34;tile_4_0;FALSE;0
board_34;tile_4_1;FALSE;0
board_34;tile_4_2;FALSE;0
board_34;tile_4_3;FALSE;1
board_34;tile_4_4;FALSE;0
board_35;tile_0_0;TRUE;1
board_35;tile_0_1;TRUE;0
board_35;tile_0_2;TRUE;0
board_35;tile_0_3;TRUE;0
board_35;tile_0_4;TRUE;0
board_35;tile_1_0;TRUE;0
board_35;tile_1_1;TRUE;1
board_35;tile_1_2;TRUE;0
board_35;tile_1_3;TRUE;1
board_35;tile_1_4;TRUE;0
board_35;tile_2_0;TRUE;0
board_35;tile_2_1;TRUE;0
board_35;tile_2_2;TRUE;0
board_35;tile_2_3;TRUE;0
board_35;tile_2_4;TRUE;0
board_35;tile_3_0;TRUE;0
board_35;tile_3_1;TRUE;0
board_35;tile_3_2;TRUE;1
board_35;tile_3_3;TRUE;0
board_35;tile_3_4;TRUE;0
board_35;tile_4_0;TRUE;3
board_35;tile_4_1;TRUE;2
board_35;tile_4_2;TRUE;0
board_35;tile_4_3;TRUE;2
board_35;tile_4_4;TRUE;0
board_36;tile_0_0;FALSE;0
board_36;tile_0_1;FALSE;1
board_36;tile_0_2;FALSE;0
board_36;tile_0_3;FALSE;0
board_36;tile_0_4;FALSE;1
board_36;tile_1_0;FALSE;1
board_36;tile_1_1;FALSE;0
board_36;tile_1_2;FALSE;0
board_36;tile_1_3;FALSE;0
board_36;tile_1_4;FALSE;0
board_36;tile_2_0;FALSE;0
board_36;tile_2_1;FALSE;1
board_36;tile_2_2;FALSE;0
board_36;tile_2_3;FALSE;1
board_36;tile_2_4;FALSE;0
board_36;tile_3_0;FALSE;0
board_36;tile_3_1;FALSE;1
board_36;tile_3_2;FALSE;1
board_36;tile_3_3;FALSE;0
board_36;tile_3_4;FALSE;0
board_36;tile_4_0;FALSE;0
board_36;tile_4_1;FALSE;0
board_36;tile_4_2;FALSE;0
board_36;tile_4_3;FALSE;2
board_36;tile_4_4;FALSE;0
board_37;tile_0_0;FALSE;2
board_37;tile_0_1;FALSE;0
board_37;tile_0_2;FALSE;1
board_37;tile_0_3;FALSE;0
board_37;tile_0_4;FALSE;1
board_37;tile_1_0;FALSE;0
board_37;tile_1_1;FALSE;1
board_37;tile_1_2;FALSE;0
board_37;tile_1_3;FALSE;0
board_37;tile_1_4;FALSE;0
board_37;tile_2_0;FALSE;1
board_37;tile_2_1;FALSE;0
board_37;tile_2_2;FALSE;0
board_37;tile_2_3;FALSE;0
board_37;tile_2_4;FALSE;0
board_37;tile_3_0;FALSE;1
board_37;tile_3_1;FALSE;0
board_37;tile_3_2;FALSE;0
board_37;tile_3_3;FALSE;0
board_37;tile_3_4;FALSE;0
board_37;tile_4_0;FALSE;1
board_37;tile_4_1;FALSE;0
board_37;tile_4_2;FALSE;0
board_37;tile_4_3;FALSE;0
board_37;tile_4_4;FALSE;0
board_38;tile_0_0;FALSE;0
board_38;tile_0_1;FALSE;0
board_38;tile_0_2;FALSE;0
board_38;tile_0_3;FALSE;0
board_38;tile_0_4;FALSE;0
board_38;tile_1_0;FALSE;2
board_38;tile_1_1;FALSE;0
board_38;tile_1_2;FALSE;0
board_38;tile_1_3;FALSE;0
board_38;tile_1_4;FALSE;1
board_38;tile_2_0;FALSE;0
board_38;tile_2_1;FALSE;2
board_38;tile_2_2;FALSE;0
board_38;tile_2_3;FALSE;0
board_38;tile_2_4;FALSE;0
board_38;tile_3_0;FALSE;2
board_38;tile_3_1;FALSE;0
board_38;tile_3_2;FALSE;0
board_38;tile_3_3;FALSE;1
board_38;tile_3_4;FALSE;1
board_38;tile_4_0;FALSE;0
board_38;tile_4_1;FALSE;0
board_38;tile_4_2;FALSE;0
board_38;tile_4_3;FALSE;1
board_38;tile_4_4;FALSE;0
board_39;tile_0_0;TRUE;1
board_39;tile_0_1;TRUE;0
board_39;tile_0_2;TRUE;0
board_39;tile_0_3;TRUE;0
board_39;tile_0_4;TRUE;0
board_39;tile_1_0;TRUE;0
board_39;tile_1_1;TRUE;1
board_39;tile_1_2;TRUE;0
board_39;tile_1_3;TRUE;1
board_39;tile_1_4;TRUE;0
board_39;tile_2_0;TRUE;0
board_39;tile_2_1;TRUE;0
board_39;tile_2_2;TRUE;0
board_39;tile_2_3;TRUE;0
board_39;tile_2_4;TRUE;0
board_39;tile_3_0;TRUE;0
board_39;tile_3_1;TRUE;0
board_39;tile_3_2;TRUE;1
board_39;tile_3_3;TRUE;0
board_39;tile_3_4;TRUE;0
board_39;tile_4_0;TRUE;3
board_39;tile_4_1;TRUE;2
board_39;tile_4_2;TRUE;0
board_39;tile_4_3;TRUE;2
board_39;tile_4_4;TRUE;0
board_40;tile_0_0;FALSE;0
board_40;tile_0_1;FALSE;1
board_40;tile_0_2;FALSE;0
board_40;tile_0_3;FALSE;0
board_40;tile_0_4;FALSE;1
board_40;tile_1_0;FALSE;1
board_40;tile_1_1;FALSE;0
board_40;tile_1_2;FALSE;0
board_40;tile_1_3;FALSE;0
board_40;tile_1_4;FALSE;0
board_40;tile_2_0;FALSE;0
board_40;tile_2_1;FALSE;1
board_40;tile_2_2;FALSE;0
board_40;tile_2_3;FALSE;1
board_40;tile_2_4;FALSE;0
board_40;tile_3_0;FALSE;0
board_40;tile_3_1;FALSE;1
board_40;tile_3_2;FALSE;1
board_40;tile_3_3;FALSE;0
board_40;tile_3_4;FALSE;0
board_40;tile_4_0;FALSE;0
board_40;tile_4_1;FALSE;0
board_40;tile_4_2;FALSE;0
board_40;tile_4_3;FALSE;2
board_40;tile_4_4;FALSE;0
board_41;tile_0_0;FALSE;0
board_41;tile_0_1;FALSE;0
board_41;tile_0_2;FALSE;1
board_41;tile_0_3;FALSE;0
board_41;tile_0_4;FALSE;1
board_41;tile_1_0;FALSE;2
board_41;tile_1_1;FALSE;0
board_41;tile_1_2;FALSE;0
board_41;tile_1_3;FALSE;0
board_41;tile_1_4;FALSE;0
board_41;tile_2_0;FALSE;0
board_41;tile_2_1;FALSE;1
board_41;tile_2_2;FALSE;0
board_41;tile_2_3;FALSE;0
board_41;tile_2_4;FALSE;0
board_41;tile_3_0;FALSE;2
board_41;tile_3_1;FALSE;0
board_41;tile_3_2;FALSE;0
board_41;tile_3_3;FALSE;1
board_41;tile_3_4;FALSE;0
board_41;tile_4_0;FALSE;3
board_41;tile_4_1;FALSE;0
board_41;tile_4_2;FALSE;0
board_41;tile_4_3;FALSE;0
board_41;tile_4_4;FALSE;0
board_42;tile_0_0;FALSE;1
board_42;tile_0_1;FALSE;0
board_42;tile_0_2;FALSE;0
board_42;tile_0_3;FALSE;0
board_42;tile_0_4;FALSE;0
board_42;tile_1_0;FALSE;0
board_42;tile_1_1;FALSE;0
board_42;tile_1_2;FALSE;1
board_42;tile_1_3;FALSE;0
board_42;tile_1_4;FALSE;0
board_42;tile_2_0;FALSE;0
board_42;tile_2_1;FALSE;1
board_42;tile_2_2;FALSE;0
board_42;tile_2_3;FALSE;0
board_42;tile_2_4;FALSE;0
board_42;tile_3_0;FALSE;0
board_42;tile_3_1;FALSE;1
board_42;tile_3_2;FALSE;0
board_42;tile_3_3;FALSE;1
board_42;tile_3_4;FALSE;2
board_42;tile_4_0;FALSE;0
board_42;tile_4_1;FALSE;0
board_42;tile_4_2;FALSE;0
board_42;tile_4_3;FALSE;1
board_42;tile_4_4;FALSE;0
board_43;tile_0_0;FALSE;1
board_43;tile_0_1;FALSE;0
board_43;tile_0_2;FALSE;0
board_43;tile_0_3;FALSE;1
board_43;tile_0_4;FALSE;1
board_43;tile_1_0;FALSE;0
board_43;tile_1_1;FALSE;0
board_43;tile_1_2;FALSE;0
board_43;tile_1_3;FALSE;1
board_43;tile_1_4;FALSE;0
board_43;tile_2_0;FALSE;0
board_43;tile_2_1;FALSE;1
board_43;tile_2_2;FALSE;0
board_43;tile_2_3;FALSE;0
board_43;tile_2_4;FALSE;1
board_43;tile_3_0;FALSE;2
board_43;tile_3_1;FALSE;0
board_43;tile_3_2;FALSE;1
board_43;tile_3_3;FALSE;0
board_43;tile_3_4;FALSE;0
board_43;tile_4_0;FALSE;0
board_43;tile_4_1;FALSE;2
board_43;tile_4_2;FALSE;0
board_43;tile_4_3;FALSE;0
board_43;tile_4_4;FALSE;0
board_44;tile_0_0;FALSE;0
board_44;tile_0_1;FALSE;0
board_44;tile_0_2;FALSE;1
board_44;tile_0_3;FALSE;0
board_44;tile_0_4;FALSE;1
board_44;tile_1_0;FALSE;2
board_44;tile_1_1;FALSE;0
board_44;tile_1_2;FALSE;0
board_44;tile_1_3;FALSE;0
board_44;tile_1_4;FALSE;0
board_44;tile_2_0;FALSE;0
board_44;tile_2_1;FALSE;1
board_44;tile_2_2;FALSE;0
board_44;tile_2_3;FALSE;0
board_44;tile_2_4;FALSE;0
board_44;tile_3_0;FALSE;2
board_44;tile_3_1;FALSE;0
board_44;tile_3_2;FALSE;0
board_44;tile_3_3;FALSE;1
board_44;tile_3_4;FALSE;0
board_44;tile_4_0;FALSE;3
board_44;tile_4_1;FALSE;0
board_44;tile_4_2;FALSE;0
board_44;tile_4_3;FALSE;0
board_44;tile_4_4;FALSE;0
board_45;tile_0_0;FALSE;0
board_45;tile_0_1;FALSE;0
board_45;tile_0_2;FALSE;1
board_45;tile_0_3;FALSE;0
board_45;tile_0_4;FALSE;0
board_45;tile_1_0;FALSE;0
board_45;tile_1_1;FALSE;0
board_45;tile_1_2;FALSE;0
board_45;tile_1_3;FALSE;2
board_45;tile_1_4;FALSE;1
board_45;tile_2_0;FALSE;0
board_45;tile_2_1;FALSE;0
board_45;tile_2_2;FALSE;2
board_45;tile_2_3;FALSE;0
board_45;tile_2_4;FALSE;0
board_45;tile_3_0;FALSE;0
board_45;tile_3_1;FALSE;0
board_45;tile_3_2;FALSE;0
board_45;tile_3_3;FALSE;1
board_45;tile_3_4;FALSE;0
board_45;tile_4_0;FALSE;0
board_45;tile_4_1;FALSE;1
board_45;tile_4_2;FALSE;0
board_45;tile_4_3;FALSE;1
board_45;tile_4_4;FALSE;0
board_46;tile_0_0;FALSE;1
board_46;tile_0_1;FALSE;0
board_46;tile_0_2;FALSE;0
board_46;tile_0_3;FALSE;0
board_46;tile_0_4;FALSE;0
board_46;tile_1_0;FALSE;0
board_46;tile_1_1;FALSE;0
board_46;tile_1_2;FALSE;1
board_46;tile_1_3;FALSE;0
board_46;tile_1_4;FALSE;0
board_46;tile_2_0;FALSE;0
board_46;tile_2_1;FALSE;1
board_46;tile_2_2;FALSE;0
board_46;tile_2_3;FALSE;0
board_46;tile_2_4;FALSE;0
board_46;tile_3_0;FALSE;0
board_46;tile_3_1;FALSE;1
board_46;tile_3_2;FALSE;0
board_46;tile_3_3;FALSE;1
board_46;tile_3_4;FALSE;2
board_46;tile_4_0;FALSE;0
board_46;tile_4_1;FALSE;0
board_46;tile_4_2;FALSE;0
board_46;tile_4_3;FALSE;1
board_46;tile_4_4;FALSE;0
board_47;tile_0_0;FALSE;1
board_47;tile_0_1;FALSE;0
board_47;tile_0_2;FALSE;0
board_47;tile_0_3;FALSE;1
board_47;tile_0_4;FALSE;1
board_47;tile_1_0;FALSE;0
board_47;tile_1_1;FALSE;0
board_47;tile_1_2;FALSE;0
board_47;tile_1_3;FALSE;1
board_47;tile_1_4;FALSE;0
board_47;tile_2_0;FALSE;0
board_47;tile_2_1;FALSE;1
board_47;tile_2_2;FALSE;0
board_47;tile_2_3;FALSE;0
board_47;tile_2_4;FALSE;1
board_47;tile_3_0;FALSE;2
board_47;tile_3_1;FALSE;0
board_47;tile_3_2;FALSE;1
board_47;tile_3_3;FALSE;0
board_47;tile_3_4;FALSE;0
board_47;tile_4_0;FALSE;0
board_47;tile_4_1;FALSE;2
board_47;tile_4_2;FALSE;0
board_47;tile_4_3;FALSE;0
board_47;tile_4_4;FALSE;0
board_48;tile_0_0;FALSE;0
board_48;tile_0_1;FALSE;2
board_48;tile_0_2;FALSE;0
board_48;tile_0_3;FALSE;0
board_48;tile_0_4;FALSE;0
board_48;tile_1_0;FALSE;1
board_48;tile_1_1;FALSE;0
board_48;tile_1_2;FALSE;0
board_48;tile_1_3;FALSE;0
board_48;tile_1_4;FALSE;1
board_48;tile_2_0;FALSE;1
board_48;tile_2_1;FALSE;0
board_48;tile_2_2;FALSE;0
board_48;tile_2_3;FALSE;0
board_48;tile_2_4;FALSE;1
board_48;tile_3_0;FALSE;0
board_48;tile_3_1;FALSE;1
board_48;tile_3_2;FALSE;2
board_48;tile_3_3;FALSE;0
board_48;tile_3_4;FALSE;0
board_48;tile_4_0;FALSE;0
board_48;tile_4_1;FALSE;0
board_48;tile_4_2;FALSE;0
board_48;tile_4_3;FALSE;1
board_48;tile_4_4;FALSE;0
board_49;tile_0_0;TRUE;0
board_49;tile_0_1;TRUE;0
board_49;tile_0_2;TRUE;1
board_49;tile_0_3;TRUE;0
board_49;tile_0_4;TRUE;0
board_49;tile_1_0;TRUE;0
board_49;tile_1_1;TRUE;0
board_49;tile_1_2;TRUE;3
board_49;tile_1_3;TRUE;0
board_49;tile_1_4;TRUE;0
board_49;tile_2_0;TRUE;1
board_49;tile_2_1;TRUE;0
board_49;tile_2_2;TRUE;0
board_49;tile_2_3;TRUE;0
board_49;tile_2_4;TRUE;0
board_49;tile_3_0;TRUE;2
board_49;tile_3_1;TRUE;0
board_49;tile_3_2;TRUE;0
board_49;tile_3_3;TRUE;1
board_49;tile_3_4;TRUE;1
board_49;tile_4_0;TRUE;0
board_49;tile_4_1;TRUE;0
board_49;tile_4_2;TRUE;1
board_49;tile_4_3;TRUE;0
board_49;tile_4_4;TRUE;0
board_50;tile_0_0;FALSE;0
board_50;tile_0_1;FALSE;0
board_50;tile_0_2;FALSE;1
board_50;tile_0_3;FALSE;0
board_50;tile_0_4;FALSE;0
board_50;tile_1_0;FALSE;0
board_50;tile_1_1;FALSE;1
board_50;tile_1_2;FALSE;0
board_50;tile_1_3;FALSE;1
board_50;tile_1_4;FALSE;0
board_50;tile_2_0;FALSE;0
board_50;tile_2_1;FALSE;0
board_50;tile_2_2;FALSE;0
board_50;tile_2_3;FALSE;0
board_50;tile_2_4;FALSE;0
board_50;tile_3_0;FALSE;0
board_50;tile_3_1;FALSE;1
board_50;tile_3_2;FALSE;0
board_50;tile_3_3;FALSE;1
board_50;tile_3_4;FALSE;0
board_50;tile_4_0;FALSE;0
board_50;tile_4_1;FALSE;0
board_50;tile_4_2;FALSE;0
board_50;tile_4_3;FALSE;0
board_50;tile_4_4;FALSE;2
board_51;tile_0_0;FALSE;1
board_51;tile_0_1;FALSE;0
board_51;tile_0_2;FALSE;1
board_51;tile_0_3;FALSE;1
board_51;tile_0_4;FALSE;0
board_51;tile_1_0;FALSE;0
board_51;tile_1_1;FALSE;1
board_51;tile_1_2;FALSE;0
board_51;tile_1_3;FALSE;2
board_51;tile_1_4;FALSE;0
board_51;tile_2_0;FALSE;0
board_51;tile_2_1;FALSE;0
board_51;tile_2_2;FALSE;0
board_51;tile_2_3;FALSE;0
board_51;tile_2_4;FALSE;1
board_51;tile_3_0;FALSE;0
board_51;tile_3_1;FALSE;2
board_51;tile_3_2;FALSE;0
board_51;tile_3_3;FALSE;0
board_51;tile_3_4;FALSE;0
board_51;tile_4_0;FALSE;1
board_51;tile_4_1;FALSE;0
board_51;tile_4_2;FALSE;2
board_51;tile_4_3;FALSE;0
board_51;tile_4_4;FALSE;0
board_52;tile_0_0;FALSE;0
board_52;tile_0_1;FALSE;2
board_52;tile_0_2;FALSE;0
board_52;tile_0_3;FALSE;0
board_52;tile_0_4;FALSE;0
board_52;tile_1_0;FALSE;1
board_52;tile_1_1;FALSE;0
board_52;tile_1_2;FALSE;0
board_52;tile_1_3;FALSE;0
board_52;tile_1_4;FALSE;1
board_52;tile_2_0;FALSE;1
board_52;tile_2_1;FALSE;0
board_52;tile_2_2;FALSE;0
board_52;tile_2_3;FALSE;0
board_52;tile_2_4;FALSE;1
board_52;tile_3_0;FALSE;0
board_52;tile_3_1;FALSE;1
board_52;tile_3_2;FALSE;2
board_52;tile_3_3;FALSE;0
board_52;tile_3_4;FALSE;0
board_52;tile_4_0;FALSE;0
board_52;tile_4_1;FALSE;0
board_52;tile_4_2;FALSE;0
board_52;tile_4_3;FALSE;1
board_52;tile_4_4;FALSE;0
board_53;tile_0_0;TRUE;0
board_53;tile_0_1;TRUE;0
board_53;tile_0_2;TRUE;1
board_53;tile_0_3;TRUE;0
board_53;tile_0_4;TRUE;0
board_53;tile_1_0;TRUE;0
board_53;tile_1_1;TRUE;0
board_53;tile_1_2;TRUE;3
board_53;tile_1_3;TRUE;0
board_53;tile_1_4;TRUE;0
board_53;tile_2_0;TRUE;1
board_53;tile_2_1;TRUE;0
board_53;tile_2_2;TRUE;0
board_53;tile_2_3;TRUE;0
board_53;tile_2_4;TRUE;0
board_53;tile_3_0;TRUE;2
board_53;tile_3_1;TRUE;0
board_53;tile_3_2;TRUE;0
board_53;tile_3_3;TRUE;1
board_53;tile_3_4;TRUE;1
board_53;tile_4_0;TRUE;0
board_53;tile_4_1;TRUE;0
board_53;tile_4_2;TRUE;1
board_53;tile_4_3;TRUE;0
board_53;tile_4_4;TRUE;0
board_54;tile_0_0;FALSE;0
board_54;tile_0_1;FALSE;0
board_54;tile_0_2;FALSE;1
board_54;tile_0_3;FALSE;0
board_54;tile_0_4;FALSE;0
board_54;tile_1_0;FALSE;0
board_54;tile_1_1;FALSE;1
board_54;tile_1_2;FALSE;0
board_54;tile_1_3;FALSE;1
board_54;tile_1_4;FALSE;0
board_54;tile_2_0;FALSE;0
board_54;tile_2_1;FALSE;0
board_54;tile_2_2;FALSE;0
board_54;tile_2_3;FALSE;0
board_54;tile_2_4;FALSE;0
board_54;tile_3_0;FALSE;0
board_54;tile_3_1;FALSE;1
board_54;tile_3_2;FALSE;0
board_54;tile_3_3;FALSE;1
board_54;tile_3_4;FALSE;0
board_54;tile_4_0;FALSE;0
board_54;tile_4_1;FALSE;0
board_54;tile_4_2;FALSE;0
board_54;tile_4_3;FALSE;0
board_54;tile_4_4;FALSE;2
board_55;tile_0_0;FALSE;1
board_55;tile_0_1;FALSE;0
board_55;tile_0_2;FALSE;1
board_55;tile_0_3;FALSE;1
board_55;tile_0_4;FALSE;0
board_55;tile_1_0;FALSE;0
board_55;tile_1_1;FALSE;1
board_55;tile_1_2;FALSE;0
board_55;tile_1_3;FALSE;2
board_55;tile_1_4;FALSE;0
board_55;tile_2_0;FALSE;0
board_55;tile_2_1;FALSE;0
board_55;tile_2_2;FALSE;0
board_55;tile_2_3;FALSE;0
board_55;tile_2_4;FALSE;1
board_55;tile_3_0;FALSE;0
board_55;tile_3_1;FALSE;2
board_55;tile_3_2;FALSE;0
board_55;tile_3_3;FALSE;0
board_55;tile_3_4;FALSE;0
board_55;tile_4_0;FALSE;1
board_55;tile_4_1;FALSE;0
board_55;tile_4_2;FALSE;2
board_55;tile_4_3;FALSE;0
board_55;tile_4_4;FALSE;0
board_56;tile_0_0;FALSE;2
board_56;tile_0_1;FALSE;0
board_56;tile_0_2;FALSE;1
board_56;tile_0_3;FALSE;0
board_56;tile_0_4;FALSE;0
board_56;tile_1_0;FALSE;0
board_56;tile_1_1;FALSE;0
board_56;tile_1_2;FALSE;1
board_56;tile_1_3;FALSE;0
board_56;tile_1_4;FALSE;0
board_56;tile_2_0;FALSE;0
board_56;tile_2_1;FALSE;0
board_56;tile_2_2;FALSE;2
board_56;tile_2_3;FALSE;0
board_56;tile_2_4;FALSE;1
board_56;tile_3_0;FALSE;2
board_56;tile_3_1;FALSE;0
board_56;tile_3_2;FALSE;0
board_56;tile_3_3;FALSE;1
board_56;tile_3_4;FALSE;0
board_56;tile_4_0;FALSE;0
board_56;tile_4_1;FALSE;0
board_56;tile_4_2;FALSE;0
board_56;tile_4_3;FALSE;0
board_56;tile_4_4;FALSE;1
board_57;tile_0_0;FALSE;0
board_57;tile_0_1;FALSE;1
board_57;tile_0_2;FALSE;0
board_57;tile_0_3;FALSE;0
board_57;tile_0_4;FALSE;0
board_57;tile_1_0;FALSE;0
board_57;tile_1_1;FALSE;0
board_57;tile_1_2;FALSE;2
board_57;tile_1_3;FALSE;0
board_57;tile_1_4;FALSE;0
board_57;tile_2_0;FALSE;0
board_57;tile_2_1;FALSE;0
board_57;tile_2_2;FALSE;0
board_57;tile_2_3;FALSE;1
board_57;tile_2_4;FALSE;0
board_57;tile_3_0;FALSE;0
board_57;tile_3_1;FALSE;1
board_57;tile_3_2;FALSE;0
board_57;tile_3_3;FALSE;0
board_57;tile_3_4;FALSE;1
board_57;tile_4_0;FALSE;0
board_57;tile_4_1;FALSE;2
board_57;tile_4_2;FALSE;2
board_57;tile_4_3;FALSE;0
board_57;tile_4_4;FALSE;0
board_58;tile_0_0;FALSE;0
board_58;tile_0_1;FALSE;0
board_58;tile_0_2;FALSE;1
board_58;tile_0_3;FALSE;0
board_58;tile_0_4;FALSE;0
board_58;tile_1_0;FALSE;1
board_58;tile_1_1;FALSE;2
board_58;tile_1_2;FALSE;0
board_58;tile_1_3;FALSE;0
board_58;tile_1_4;FALSE;1
board_58;tile_2_0;FALSE;0
board_58;tile_2_1;FALSE;1
board_58;tile_2_2;FALSE;0
board_58;tile_2_3;FALSE;0
board_58;tile_2_4;FALSE;0
board_58;tile_3_0;FALSE;0
board_58;tile_3_1;FALSE;0
board_58;tile_3_2;FALSE;0
board_58;tile_3_3;FALSE;0
board_58;tile_3_4;FALSE;1
board_58;tile_4_0;FALSE;1
board_58;tile_4_1;FALSE;1
board_58;tile_4_2;FALSE;0
board_58;tile_4_3;FALSE;0
board_58;tile_4_4;FALSE;0
board_59;tile_0_0;FALSE;3
board_59;tile_0_1;FALSE;0
board_59;tile_0_2;FALSE;0
board_59;tile_0_3;FALSE;0
board_59;tile_0_4;FALSE;0
board_59;tile_1_0;FALSE;1
board_59;tile_1_1;FALSE;0
board_59;tile_1_2;FALSE;1
board_59;tile_1_3;FALSE;0
board_59;tile_1_4;FALSE;1
board_59;tile_2_0;FALSE;0
board_59;tile_2_1;FALSE;0
board_59;tile_2_2;FALSE;0
board_59;tile_2_3;FALSE;1
board_59;tile_2_4;FALSE;0
board_59;tile_3_0;FALSE;0
board_59;tile_3_1;FALSE;0
board_59;tile_3_2;FALSE;1
board_59;tile_3_3;FALSE;0
board_59;tile_3_4;FALSE;0
board_59;tile_4_0;FALSE;0
board_59;tile_4_1;FALSE;0
board_59;tile_4_2;FALSE;0
board_59;tile_4_3;FALSE;0
board_59;tile_4_4;FALSE;1
board_60;tile_0_0;FALSE;2
board_60;tile_0_1;FALSE;0
board_60;tile_0_2;FALSE;1
board_60;tile_0_3;FALSE;0
board_60;tile_0_4;FALSE;0
board_60;tile_1_0;FALSE;0
board_60;tile_1_1;FALSE;0
board_60;tile_1_2;FALSE;1
board_60;tile_1_3;FALSE;0
board_60;tile_1_4;FALSE;0
board_60;tile_2_0;FALSE;0
board_60;tile_2_1;FALSE;0
board_60;tile_2_2;FALSE;2
board_60;tile_2_3;FALSE;0
board_60;tile_2_4;FALSE;1
board_60;tile_3_0;FALSE;2
board_60;tile_3_1;FALSE;0
board_60;tile_3_2;FALSE;0
board_60;tile_3_3;FALSE;1
board_60;tile_3_4;FALSE;0
board_60;tile_4_0;FALSE;0
board_60;tile_4_1;FALSE;0
board_60;tile_4_2;FALSE;0
board_60;tile_4_3;FALSE;0
board_60;tile_4_4;FALSE;1
board_61;tile_0_0;FALSE;0
board_61;tile_0_1;FALSE;1
board_61;tile_0_2;FALSE;0
board_61;tile_0_3;FALSE;0
board_61;tile_0_4;FALSE;0
board_61;tile_1_0;FALSE;0
board_61;tile_1_1;FALSE;0
board_61;tile_1_2;FALSE;2
board_61;tile_1_3;FALSE;0
board_61;tile_1_4;FALSE;0
board_61;tile_2_0;FALSE;0
board_61;tile_2_1;FALSE;0
board_61;tile_2_2;FALSE;0
board_61;tile_2_3;FALSE;1
board_61;tile_2_4;FALSE;0
board_61;tile_3_0;FALSE;0
board_61;tile_3_1;FALSE;1
board_61;tile_3_2;FALSE;0
board_61;tile_3_3;FALSE;0
board_61;tile_3_4;FALSE;1
board_61;tile_4_0;FALSE;0
board_61;tile_4_1;FALSE;2
board_61;tile_4_2;FALSE;2
board_61;tile_4_3;FALSE;0
board_61;tile_4_4;FALSE;0
board_62;tile_0_0;FALSE;0
board_62;tile_0_1;FALSE;0
board_62;tile_0_2;FALSE;1
board_62;tile_0_3;FALSE;0
board_62;tile_0_4;FALSE;0
board_62;tile_1_0;FALSE;1
board_62;tile_1_1;FALSE;2
board_62;tile_1_2;FALSE;0
board_62;tile_1_3;FALSE;0
board_62;tile_1_4;FALSE;1
board_62;tile_2_0;FALSE;0
board_62;tile_2_1;FALSE;1
board_62;tile_2_2;FALSE;0
board_62;tile_2_3;FALSE;0
board_62;tile_2_4;FALSE;0
board_62;tile_3_0;FALSE;0
board_62;tile_3_1;FALSE;0
board_62;tile_3_2;FALSE;0
board_62;tile_3_3;FALSE;0
board_62;tile_3_4;FALSE;1
board_62;tile_4_0;FALSE;1
board_62;tile_4_1;FALSE;1
board_62;tile_4_2;FALSE;0
board_62;tile_4_3;FALSE;0
board_62;tile_4_4;FALSE;0
board_63;tile_0_0;FALSE;3
board_63;tile_0_1;FALSE;0
board_63;tile_0_2;FALSE;0
board_63;tile_0_3;FALSE;0
board_63;tile_0_4;FALSE;0
board_63;tile_1_0;FALSE;1
board_63;tile_1_1;FALSE;0
board_63;tile_1_2;FALSE;1
board_63;tile_1_3;FALSE;0
board_63;tile_1_4;FALSE;1
board_63;tile_2_0;FALSE;0
board_63;tile_2_1;FALSE;0
board_63;tile_2_2;FALSE;0
board_63;tile_2_3;FALSE;1
board_63;tile_2_4;FALSE;0
board_63;tile_3_0;FALSE;0
board_63;tile_3_1;FALSE;0
board_63;tile_3_2;FALSE;1
board_63;tile_3_3;FALSE;0
board_63;tile_3_4;FALSE;0
board_63;tile_4_0;FALSE;0
board_63;tile_4_1;FALSE;0
board_63;tile_4_2;FALSE;0
board_63;tile_4_3;FALSE;0
board_63;tile_4_4;FALSE;1
board_64;tile_0_0;FALSE;0
board_64;tile_0_1;FALSE;1
board_64;tile_0_2;FALSE;1
board_64;tile_0_3;FALSE;1
board_64;tile_0_4;FALSE;0
board_64;tile_1_0;FALSE;0
board_64;tile_1_1;FALSE;0
board_64;tile_1_2;FALSE;0
board_64;tile_1_3;FALSE;0
board_64;tile_1_4;FALSE;1
board_64;tile_2_0;FALSE;1
board_64;tile_2_1;FALSE;0
board_64;tile_2_2;FALSE;0
board_64;tile_2_3;FALSE;0
board_64;tile_2_4;FALSE;0
board_64;tile_3_0;FALSE;0
board_64;tile_3_1;FALSE;0
board_64;tile_3_2;FALSE;0
board_64;tile_3_3;FALSE;0
board_64;tile_3_4;FALSE;0
board_64;tile_4_0;FALSE;0
board_64;tile_4_1;FALSE;0
board_64;tile_4_2;FALSE;0
board_64;tile_4_3;FALSE;0
board_64;tile_4_4;FALSE;0
board_65;tile_0_0;FALSE;0
board_65;tile_0_1;FALSE;0
board_65;tile_0_2;FALSE;0
board_65;tile_0_3;FALSE;0
board_65;tile_0_4;FALSE;0
board_65;tile_1_0;FALSE;1
board_65;tile_1_1;FALSE;0
board_65;tile_1_2;FALSE;0
board_65;tile_1_3;FALSE;1
board_65;tile_1_4;FALSE;0
board_65;tile_2_0;FALSE;0
board_65;tile_2_1;FALSE;0
board_65;tile_2_2;FALSE;2
board_65;tile_2_3;FALSE;0
board_65;tile_2_4;FALSE;0
board_65;tile_3_0;FALSE;0
board_65;tile_3_1;FALSE;1
board_65;tile_3_2;FALSE;1
board_65;tile_3_3;FALSE;0
board_65;tile_3_4;FALSE;0
board_65;tile_4_0;FALSE;0
board_65;tile_4_1;FALSE;2
board_65;tile_4_2;FALSE;0
board_65;tile_4_3;FALSE;0
board_65;tile_4_4;FALSE;0
board_66;tile_0_0;FALSE;1
board_66;tile_0_1;FALSE;0
board_66;tile_0_2;FALSE;0
board_66;tile_0_3;FALSE;0
board_66;tile_0_4;FALSE;1
board_66;tile_1_0;FALSE;0
board_66;tile_1_1;FALSE;1
board_66;tile_1_2;FALSE;3
board_66;tile_1_3;FALSE;2
board_66;tile_1_4;FALSE;0
board_66;tile_2_0;FALSE;0
board_66;tile_2_1;FALSE;2
board_66;tile_2_2;FALSE;2
board_66;tile_2_3;FALSE;2
board_66;tile_2_4;FALSE;0
board_66;tile_3_0;FALSE;1
board_66;tile_3_1;FALSE;0
board_66;tile_3_2;FALSE;0
board_66;tile_3_3;FALSE;1
board_66;tile_3_4;FALSE;0
board_66;tile_4_0;FALSE;0
board_66;tile_4_1;FALSE;0
board_66;tile_4_2;FALSE;2
board_66;tile_4_3;FALSE;0
board_66;tile_4_4;FALSE;0
board_67;tile_0_0;TRUE;0
board_67;tile_0_1;TRUE;0
board_67;tile_0_2;TRUE;0
board_67;tile_0_3;TRUE;0
board_67;tile_0_4;TRUE;0
board_67;tile_1_0;TRUE;1
board_67;tile_1_1;TRUE;0
board_67;tile_1_2;TRUE;0
board_67;tile_1_3;TRUE;1
board_67;tile_1_4;TRUE;0
board_67;tile_2_0;TRUE;1
board_67;tile_2_1;TRUE;0
board_67;tile_2_2;TRUE;1
board_67;tile_2_3;TRUE;0
board_67;tile_2_4;TRUE;0
board_67;tile_3_0;TRUE;0
board_67;tile_3_1;TRUE;0
board_67;tile_3_2;TRUE;1
board_67;tile_3_3;TRUE;0
board_67;tile_3_4;TRUE;0
board_67;tile_4_0;TRUE;0
board_67;tile_4_1;TRUE;1
board_67;tile_4_2;TRUE;0
board_67;tile_4_3;TRUE;1
board_67;tile_4_4;TRUE;1
board_68;tile_0_0;FALSE;0
board_68;tile_0_1;FALSE;1
board_68;tile_0_2;FALSE;1
board_68;tile_0_3;FALSE;1
board_68;tile_0_4;FALSE;0
board_68;tile_1_0;FALSE;0
board_68;tile_1_1;FALSE;0
board_68;tile_1_2;FALSE;0
board_68;tile_1_3;FALSE;0
board_68;tile_1_4;FALSE;1
board_68;tile_2_0;FALSE;1
board_68;tile_2_1;FALSE;0
board_68;tile_2_2;FALSE;0
board_68;tile_2_3;FALSE;0
board_68;tile_2_4;FALSE;0
board_68;tile_3_0;FALSE;0
board_68;tile_3_1;FALSE;0
board_68;tile_3_2;FALSE;0
board_68;tile_3_3;FALSE;0
board_68;tile_3_4;FALSE;0
board_68;tile_4_0;FALSE;0
board_68;tile_4_1;FALSE;0
board_68;tile_4_2;FALSE;0
board_68;tile_4_3;FALSE;0
board_68;tile_4_4;FALSE;0
board_69;tile_0_0;FALSE;1
board_69;tile_0_1;FALSE;0
board_69;tile_0_2;FALSE;0
board_69;tile_0_3;FALSE;0
board_69;tile_0_4;FALSE;1
board_69;tile_1_0;FALSE;0
board_69;tile_1_1;FALSE;1
board_69;tile_1_2;FALSE;3
board_69;tile_1_3;FALSE;2
board_69;tile_1_4;FALSE;0
board_69;tile_2_0;FALSE;0
board_69;tile_2_1;FALSE;2
board_69;tile_2_2;FALSE;2
board_69;tile_2_3;FALSE;2
board_69;tile_2_4;FALSE;0
board_69;tile_3_0;FALSE;1
board_69;tile_3_1;FALSE;0
board_69;tile_3_2;FALSE;0
board_69;tile_3_3;FALSE;1
board_69;tile_3_4;FALSE;0
board_69;tile_4_0;FALSE;0
board_69;tile_4_1;FALSE;0
board_69;tile_4_2;FALSE;2
board_69;tile_4_3;FALSE;0
board_69;tile_4_4;FALSE;0
board_70;tile_0_0;TRUE;0
board_70;tile_0_1;TRUE;0
board_70;tile_0_2;TRUE;0
board_70;tile_0_3;TRUE;0
board_70;tile_0_4;TRUE;0
board_70;tile_1_0;TRUE;1
board_70;tile_1_1;TRUE;0
board_70;tile_1_2;TRUE;0
board_70;tile_1_3;TRUE;1
board_70;tile_1_4;TRUE;0
board_70;tile_2_0;TRUE;1
board_70;tile_2_1;TRUE;0
board_70;tile_2_2;TRUE;1
board_70;tile_2_3;TRUE;0
board_70;tile_2_4;TRUE;0
board_70;tile_3_0;TRUE;0
board_70;tile_3_1;TRUE;0
board_70;tile_3_2;TRUE;1
board_70;tile_3_3;TRUE;0
board_70;tile_3_4;TRUE;0
board_70;tile_4_0;TRUE;0
board_70;tile_4_1;TRUE;1
board_70;tile_4_2;TRUE;0
board_70;tile_4_3;TRUE;1
board_70;tile_4_4;TRUE;1
board_72;tile_0_0;FALSE;0
board_72;tile_0_1;FALSE;0
board_72;tile_0_2;FALSE;0
board_72;tile_0_3;FALSE;0
board_72;tile_0_4;FALSE;0
board_72;tile_1_0;FALSE;1
board_72;tile_1_1;FALSE;0
board_72;tile_1_2;FALSE;0
board_72;tile_1_3;FALSE;1
board_72;tile_1_4;FALSE;0
board_72;tile_2_0;FALSE;0
board_72;tile_2_1;FALSE;0
board_72;tile_2_2;FALSE;2
board_72;tile_2_3;FALSE;0
board_72;tile_2_4;FALSE;0
board_72;tile_3_0;FALSE;0
board_72;tile_3_1;FALSE;1
board_72;tile_3_2;FALSE;1
board_72;tile_3_3;FALSE;0
board_72;tile_3_4;FALSE;0
board_72;tile_4_0;FALSE;0
board_72;tile_4_1;FALSE;2
board_72;tile_4_2;FALSE;0
board_72;tile_4_3;FALSE;0
board_72;tile_4_4;FALSE;0
